,city,latitude,longitude,temperature,humidity,cloudiness,wind_speed
0,Punta Arenas,-53.16,-70.91,53.6,54,75,20.8
1,Ushuaia,-54.81,-68.31,48.2,70,40,16.11
2,Caravelas,-17.73,-39.27,80.13,94,56,14.0
3,Torbay,47.66,-52.73,41.0,80,90,6.93
4,Barrow,-38.31,-60.23,68.47,100,80,5.06
5,Chuy,-33.69,-53.46,67.57,100,44,4.72
6,Winsum,53.33,6.52,43.43,99,20,12.75
7,Cape Town,-33.93,18.42,73.4,64,0,6.93
8,Atuona,-9.8,-139.03,79.54,100,44,18.25
9,Bluff,-23.58,149.07,76.71,66,56,12.44
10,Avarua,-21.21,-159.78,73.4,88,75,18.34
11,Thames,-37.14,175.55,53.6,93,8,5.82
12,Bredasdorp,-34.53,20.04,71.6,73,8,6.93
13,Qaanaaq,77.48,-69.36,1.24,100,76,7.4
14,Kabanjahe,3.1,98.49,67.71,100,100,1.81
15,Ouango,4.31,22.55,82.65,78,0,2.71
16,Hobart,-42.88,147.33,48.2,66,20,8.05
17,Derbent,42.06,48.29,45.75,86,0,2.15
18,Kaitangata,-46.28,169.85,41.29,88,64,3.6
19,Alofi,-19.06,-169.92,69.8,94,100,1.12
20,Castro,-42.48,-73.76,55.83,99,92,9.98
21,Nanortalik,60.14,-45.24,35.35,96,92,22.28
22,Seymchan,62.93,152.39,7.45,89,68,2.71
23,Souillac,45.6,-0.6,41.81,87,90,13.87
24,Shingu,33.72,135.99,62.62,100,0,7.63
25,Busselton,-33.64,115.35,61.45,100,0,15.01
26,Whangamata,-37.21,175.87,52.99,90,8,4.16
27,Kruisfontein,-34.0,24.73,73.38,76,0,16.69
28,Mataura,-46.19,168.86,39.13,92,44,2.59
29,Payakumbuh,-0.23,100.63,71.62,93,20,2.15
30,Maniitsoq,65.42,-52.9,31.03,100,88,2.59
31,Mar del Plata,-46.43,-67.52,70.36,40,48,10.42
32,Sirjan,29.44,55.67,52.18,99,92,4.27
33,Sept-Iles,50.2,-66.38,28.4,63,90,16.11
34,Lata,30.78,78.62,40.71,86,0,2.37
35,Samarai,-10.62,150.67,74.77,100,92,8.3
36,Omsukchan,62.53,155.8,16.18,86,80,2.48
37,Upernavik,72.79,-56.15,21.85,100,88,10.98
38,Abu Samrah,35.3,37.18,63.61,26,0,6.29
39,Yellowknife,62.45,-114.38,30.2,92,90,3.36
40,Gat,14.69,-16.54,95.0,50,0,4.7
41,Hermanus,-34.42,19.24,90.52,23,20,3.27
42,Saldanha,41.42,-6.55,48.9,58,12,9.75
43,Lavrentiya,65.58,-170.99,24.64,100,12,3.83
44,Rikitea,-23.12,-134.97,71.4,100,100,12.44
45,Albany,42.65,-73.75,44.53,81,90,6.93
46,Sigli,5.38,95.96,78.82,97,12,3.6
47,Meulaboh,4.14,96.13,79.72,100,24,2.04
48,Tasiilaq,65.61,-37.64,28.4,58,20,9.17
49,Praxedis Guerrero,31.37,-106.02,55.4,76,1,3.36
50,Kieta,-6.22,155.63,77.74,99,12,1.59
51,Hargeysa,9.56,44.06,71.58,64,56,5.61
52,Ambon,47.55,-2.56,48.2,57,0,16.11
53,Eureka,40.8,-124.16,57.2,100,90,3.36
54,Severo-Kurilsk,50.68,156.12,43.45,99,92,18.59
55,Port Elizabeth,39.31,-74.98,54.16,76,90,13.87
56,Cidreira,-30.17,-50.22,66.9,87,80,6.85
57,Fatezh,52.09,35.86,48.2,93,90,6.71
58,Vaini,15.34,74.49,78.6,37,0,6.06
59,The Valley,18.22,-63.06,86.07,62,20,10.29
60,Yar-Sale,66.83,70.83,14.38,100,0,4.94
61,Lebu,8.96,38.73,66.2,34,20,16.11
62,Prainha,-1.8,-53.48,92.32,57,0,3.94
63,Rudnogorsk,57.27,103.75,28.6,83,0,4.27
64,Laguna,27.52,-110.01,73.4,69,5,2.37
65,Puerto Leguizamo,-0.19,-74.78,81.52,87,80,2.93
66,Tonantins,-2.86,-67.77,80.35,91,76,3.6
67,Talnakh,69.49,88.39,20.28,89,80,15.12
68,Nanakuli,21.39,-158.15,75.16,83,90,11.41
69,Vanimo,-2.67,141.3,83.5,100,12,7.4
70,Sitka,37.17,-99.65,56.95,39,20,8.75
71,Maragogi,-9.01,-35.22,86.88,65,0,15.23
72,Kropotkin,45.43,40.58,55.38,59,8,6.06
73,Kapaa,22.08,-159.32,75.2,94,75,17.22
74,Airai,-8.93,125.41,65.68,84,0,1.48
75,Saint-Philippe,45.36,-73.48,36.45,93,90,9.17
76,Linjiang,41.81,126.91,23.47,73,48,4.5
77,New Norfolk,-42.78,147.06,48.2,66,20,8.05
78,Hoquiam,46.98,-123.89,52.52,93,75,11.41
79,Monrovia,6.33,-10.8,89.6,70,75,11.41
80,Butaritari,3.07,172.79,85.26,100,56,13.22
81,Puerto Ayora,-0.74,-90.35,77.0,69,20,14.99
82,Sioux Lookout,50.1,-91.92,41.0,100,90,4.7
83,Chute-aux-Outardes,49.12,-68.38,33.8,80,90,31.09
84,Longyearbyen,78.22,15.63,26.6,58,40,12.75
85,Port Macquarie,-31.43,152.91,59.0,87,90,5.82
86,Kuryk,43.18,51.68,54.16,76,0,13.44
87,Bambous Virieux,-20.34,57.76,75.2,69,40,2.24
88,Ribeira Grande,38.52,-28.7,68.0,56,40,14.99
89,Sosnovo-Ozerskoye,52.53,111.54,22.84,87,0,0.81
90,Miraflores,5.2,-73.14,65.55,64,8,2.48
91,Tingi,-11.3,35.03,79.95,94,0,7.74
92,Ambulu,-8.35,113.61,76.84,100,92,3.94
93,Ucluelet,48.94,-125.55,46.4,93,90,8.05
94,Hamilton,43.26,-79.87,37.4,93,90,4.7
95,Pringsewu,-5.36,104.98,73.11,97,64,2.48
96,Cravinhos,-21.34,-47.73,80.6,54,75,4.7
97,Aguimes,27.91,-15.45,71.6,60,75,16.11
98,Klaksvik,62.23,-6.59,42.8,81,76,20.8
99,Port Blair,11.67,92.75,85.3,97,0,12.55
100,Nome,30.04,-94.42,74.73,78,1,6.93
101,Hilo,19.71,-155.08,62.71,94,90,3.36
102,Lasa,34.92,32.53,72.7,60,20,5.82
103,Fortuna,38.18,-1.13,59.59,38,20,12.75
104,Luderitz,-26.65,15.16,71.6,68,24,10.29
105,Ust-Nera,64.57,143.24,-10.96,65,24,1.81
106,San Cristobal,-0.39,-78.55,57.2,71,75,8.05
107,Tieli,46.98,128.05,27.3,88,88,3.6
108,Rence,45.89,13.67,60.44,88,75,13.87
109,Mahebourg,-20.41,57.7,75.2,69,40,2.24
110,Parana,-7.52,-72.89,86.0,66,20,5.82
111,Ukiah,39.15,-123.21,55.4,87,90,2.59
112,Hoi An,15.88,108.33,80.6,74,75,5.82
113,Petropavlovsk-Kamchatskiy,53.05,158.65,41.0,93,90,2.24
114,Georgetown,6.8,-58.16,86.0,74,40,6.93
115,Porto Murtinho,-21.7,-57.88,82.65,83,8,7.18
116,Saint George,39.45,22.34,69.8,68,20,13.87
117,Podgorica,42.44,19.26,68.81,64,90,13.87
118,Terrak,65.09,12.37,35.6,64,75,9.17
119,Sao Filipe,14.9,-24.5,79.45,93,88,13.0
120,Hasaki,35.73,140.83,51.8,100,20,2.24
121,Ahipara,-35.17,173.16,56.86,100,92,18.48
122,Roseto degli Abruzzi,42.68,14.01,71.6,60,92,5.82
123,Portland,45.52,-122.67,54.05,87,75,6.93
124,Dikson,73.51,80.55,27.75,100,68,31.68
125,Vytegra,61.01,36.45,29.01,100,0,11.1
126,Viedma,-40.81,-62.99,74.1,75,0,10.87
127,Charlestown,41.38,-71.64,52.59,76,40,16.11
128,Kihei,20.76,-156.45,74.28,83,40,19.46
129,Semirom,31.41,51.57,47.23,68,80,2.37
130,Pimenteiras,-6.24,-41.42,95.65,34,56,4.38
131,Sambava,-14.27,50.17,76.08,100,12,7.18
132,Mwinilunga,-11.73,24.43,83.73,24,0,4.94
133,Sultanpur,26.26,82.07,72.03,43,0,4.38
134,Ipixuna,-1.76,-48.8,86.0,74,40,11.41
135,Machico,32.7,-16.77,66.97,56,40,17.22
136,Villamontes,-21.26,-63.47,68.65,99,76,3.27
137,Dodge City,37.75,-100.02,48.54,57,1,12.75
138,Lerwick,60.15,-1.15,41.0,100,64,8.05
139,Mount Darwin,-16.77,31.58,83.05,20,0,13.0
140,Cascais,38.7,-9.42,57.47,54,20,24.16
141,Port Hardy,50.7,-127.42,48.2,87,90,10.29
142,Waddan,29.16,16.14,88.45,26,12,2.93
143,Praia,-20.25,-43.81,80.55,51,75,9.17
144,Thompson,55.74,-97.86,32.0,97,90,4.7
145,Huarmey,-10.07,-78.15,67.12,70,0,3.38
146,Bathsheba,13.22,-59.52,86.0,66,40,10.29
147,Egvekinot,66.32,-179.17,7.86,79,88,2.37
148,Santa Fe,-31.62,-60.7,75.63,74,0,8.08
149,Deputatskiy,69.3,139.9,13.35,77,88,16.46
150,Isangel,-19.55,169.27,74.5,100,0,2.15
151,Kununurra,-15.77,128.74,82.4,83,90,8.05
152,Trinidad,-33.52,-56.9,71.6,64,75,6.93
153,Amapa,15.09,-87.97,82.4,74,40,4.7
154,Salinas,36.67,-121.66,53.56,87,1,3.71
155,Hoopstad,-27.83,25.91,90.03,23,0,4.27
156,Araouane,18.9,-3.53,95.02,20,8,4.72
157,Quatre Cocos,-20.21,57.76,75.2,69,40,2.24
158,Okahandja,-21.98,16.91,86.0,13,92,4.7
159,Luba,17.32,120.7,68.61,61,0,7.63
160,Desaguadero,-16.56,-69.04,54.25,60,0,2.15
161,Abonnema,4.71,6.79,77.0,83,75,17.22
162,Zhigansk,66.77,123.37,26.89,85,92,14.0
163,Atar,20.52,-13.05,96.8,22,0,9.17
164,Cabo San Lucas,22.89,-109.91,71.44,73,5,4.94
165,Vestmannaeyjar,63.44,-20.27,41.0,100,90,11.41
166,Kazerun,29.62,51.65,63.21,73,0,2.37
167,Pevek,69.7,170.27,13.48,100,76,4.16
168,Zuwarah,32.93,12.08,83.55,56,56,6.17
169,Palafrugell,41.92,3.16,50.0,81,20,1.12
170,Mehamn,71.03,27.85,34.57,51,75,11.41
171,Nioaque,-21.16,-55.83,81.03,80,0,6.62
172,Jamestown,-33.21,138.6,48.49,91,0,3.04
173,Shu,43.6,73.76,44.26,51,64,6.51
174,Nemuro,43.32,145.57,56.23,97,24,10.54
175,Luena,-11.78,19.91,86.56,35,0,7.18
176,Kupang,-10.16,123.6,78.82,100,0,6.17
177,Flinders,-34.58,150.85,57.2,71,90,4.7
178,Port Alfred,-33.59,26.89,76.26,71,0,20.38
179,Diego de Almagro,-26.39,-70.05,67.53,87,36,3.71
180,Kenitra,34.26,-6.57,59.0,51,75,13.87
181,Nikolskoye,59.7,30.79,33.8,86,75,6.71
182,Tuktoyaktuk,69.44,-133.03,21.2,92,90,6.93
183,Abha,18.22,42.5,68.95,72,40,8.05
184,Arraial do Cabo,-22.97,-42.02,76.06,65,40,19.46
185,Sampit,-2.54,112.95,75.22,94,32,4.83
186,Hithadhoo,-0.6,73.08,75.9,100,92,3.6
187,Bethel,60.79,-161.76,21.2,92,1,10.29
188,Tarbes,43.23,0.08,40.17,86,90,11.41
189,Ossora,59.24,163.07,29.73,99,44,2.82
190,Tiksi,71.64,128.87,24.33,82,88,26.31
191,Dom Pedrito,-30.98,-54.67,70.95,94,0,4.94
192,Dolores,-36.31,-57.68,70.36,72,76,9.19
193,Elk Plain,47.04,-122.37,51.08,100,75,5.82
194,Carnarvon,-30.97,22.13,92.55,8,68,10.09
195,Toktogul,41.87,72.95,36.79,100,92,1.92
196,Inhambane,-23.87,35.38,75.45,77,0,11.88
197,Grand Gaube,-20.01,57.66,75.2,69,40,2.24
198,Emerald,-23.53,148.16,82.06,47,88,14.9
199,Narsaq,60.91,-46.05,30.2,54,75,13.87
200,Aktau,43.65,51.16,50.0,66,75,8.95
201,Sur,22.57,59.53,81.03,95,12,5.73
202,Grand Forks,47.91,-97.06,39.13,75,75,11.41
203,Leningradskiy,69.38,178.42,12.22,100,0,7.85
204,Bushehr,28.97,50.84,77.72,50,0,21.92
205,Kapit,2.02,112.94,72.7,98,88,1.36
206,La Ronge,55.1,-105.3,28.4,100,90,3.04
207,East London,-33.02,27.91,71.6,83,20,16.11
208,Villarrobledo,39.27,-2.6,43.0,73,76,13.89
209,Kalmunai,7.42,81.82,74.77,100,56,5.84
210,Kulu,3.47,23.69,84.18,70,8,0.92
211,Oktyabrskoye,56.73,85.44,53.98,45,76,9.64
212,San Julian,13.7,-89.56,82.35,78,0,8.05
213,Ilulissat,69.22,-51.1,30.2,100,75,10.29
214,Yilan,24.75,121.75,64.4,72,0,5.82
215,Zyryanka,65.73,150.89,1.65,70,8,6.62
216,Kitimat,54.02,-128.69,42.8,87,90,14.99
217,Khatanga,71.98,102.47,29.5,92,92,15.46
218,Tyrma,50.04,132.17,21.76,89,64,2.37
219,Leh,34.16,77.58,-5.87,60,0,2.15
220,Villarrubia de los Ojos,39.22,-3.61,45.93,78,80,13.67
221,Zhangjiakou,40.77,114.88,36.34,50,8,10.65
222,Cockburn Town,21.46,-71.14,81.34,100,92,6.96
223,Vila Franca do Campo,37.72,-25.43,64.4,59,75,13.87
224,Puerto El Triunfo,13.27,-88.55,87.8,62,20,10.29
225,Kalga,50.92,118.9,23.88,72,12,8.97
226,Pitimbu,-7.47,-34.81,86.0,55,75,13.87
227,Saskylakh,71.97,114.09,31.39,90,36,13.33
228,Lahad Datu,5.02,118.33,76.98,100,36,3.71
229,Yumen,40.29,97.04,34.68,63,0,7.4
230,Mount Gambier,-37.83,140.78,43.86,79,0,3.6
231,Constitucion,23.99,-104.67,57.2,71,5,2.37
232,Cacule,-14.5,-42.22,87.73,72,20,7.18
233,Kavaratti,10.57,72.64,86.65,97,0,6.51
234,Burnie,-41.05,145.91,50.29,100,0,15.79
235,Bulakamba,-6.87,108.95,83.73,100,44,7.07
236,Coahuayana,18.62,-100.35,69.55,72,24,3.04
237,Salalah,17.01,54.1,80.6,74,20,2.24
238,Tommot,58.97,126.27,5.25,72,0,2.37
239,Galesong,-5.32,119.37,78.06,96,8,5.5
240,Tabou,4.42,-7.36,80.31,100,8,5.95
241,Teya,21.05,-89.07,82.4,69,75,10.29
242,Dispur,26.14,91.79,77.0,94,75,3.15
243,Broome,52.47,1.45,46.36,70,20,8.05
244,Mecca,21.43,39.83,86.02,43,0,1.7
245,Popondetta,-8.77,148.24,66.4,95,8,1.81
246,Adilabad,19.68,78.53,73.51,53,0,6.62
247,Ponta do Sol,-20.63,-46.0,80.58,74,0,4.16
248,Dongsheng,29.72,112.52,56.1,65,0,7.07
249,Payo,-3.75,103.64,71.76,98,76,6.4
250,Marquette,46.54,-87.4,38.61,93,90,4.7
251,Kanniyakumari,8.08,77.57,82.78,100,32,8.41
252,Tansen,27.87,83.55,65.68,61,0,3.27
253,Katsuura,33.93,134.5,54.25,91,0,7.4
254,Kawalu,-7.38,108.21,67.75,98,100,2.26
255,Kavieng,-2.57,150.8,81.43,100,44,8.19
256,Batagay-Alyta,67.8,130.41,11.68,69,92,6.73
257,Ixtapa,20.71,-105.21,77.0,94,5,3.04
258,Tolstoy-Yurt,43.44,45.77,46.87,89,8,2.37
259,Atikokan,48.76,-91.62,41.16,100,92,3.38
260,Gwanda,-20.94,29.0,86.16,14,0,15.46
261,Victoria,5.28,115.24,78.82,100,75,1.12
262,Nelson Bay,-32.72,152.14,59.0,77,90,3.36
263,Gunjur,13.18,-16.76,89.6,62,20,4.7
264,Kisangani,0.52,25.21,83.46,81,0,1.81
265,Villa Carlos Paz,-31.42,-64.5,75.2,53,20,20.8
266,Foz,43.57,-7.26,52.95,100,88,20.27
267,Staroye Drozhzhanoye,54.73,47.56,41.88,94,92,13.78
268,Zlitan,32.47,14.57,85.98,41,32,9.64
269,Hami,42.84,93.51,37.6,56,0,3.6
270,Cherskiy,68.75,161.3,8.71,80,88,7.96
271,Palu,-0.9,119.87,68.43,93,48,1.59
272,Nautla,20.22,-96.78,72.48,100,92,13.78
273,Touros,-5.2,-35.46,86.43,64,0,12.21
274,Kodinsk,58.6,99.18,30.18,79,0,3.71
275,Chokurdakh,70.62,147.9,8.17,74,44,16.58
276,Partenit,44.58,34.34,61.95,90,0,9.08
277,Kathmandu,27.71,85.32,60.8,67,40,2.59
278,Margate,-43.03,147.26,48.2,66,20,8.05
279,Tshikapa,-6.42,20.79,84.0,72,0,0.69
280,Guerrero Negro,27.97,-114.04,63.48,96,20,2.93
281,Sukabumi,-6.92,106.93,73.15,98,92,2.15
282,Tanete,-3.94,119.78,76.93,82,8,3.15
283,Montepuez,-13.13,39.0,84.94,26,0,7.18
284,Daru,7.99,-10.85,90.43,63,0,3.94
285,Bijar,35.87,47.6,46.11,60,56,11.43
286,Comodoro Rivadavia,-45.87,-67.48,71.6,40,20,12.75
287,Carutapera,-1.2,-46.02,89.89,58,8,10.98
288,Fantanele,46.12,21.4,70.54,46,0,14.99
289,Provideniya,64.42,-173.23,28.83,100,80,9.53
290,Oranjemund,-28.55,16.43,64.69,89,0,2.93
291,Porto Novo,-23.68,-45.44,68.0,64,90,11.41
292,Adrar,27.87,-0.29,87.8,19,92,34.45
293,Bowen,-20.01,148.25,75.2,88,40,9.17
294,Senneterre,48.39,-77.24,30.2,92,90,9.17
295,Beringovskiy,63.05,179.32,25.27,100,80,6.51
296,Verkhnevilyuysk,63.45,120.31,28.78,76,76,11.43
297,Sterling,39.0,-77.4,55.06,66,75,9.17
298,Coquimbo,-29.95,-71.34,62.6,72,0,13.87
299,Fairbanks,64.84,-147.72,28.4,92,90,13.87
300,Kodiak,39.95,-94.76,57.2,47,1,14.99
301,Birjand,32.86,59.22,64.4,39,40,9.17
302,Goianesia,-15.32,-49.12,84.85,73,64,5.28
303,Soyo,-6.13,12.37,88.0,61,20,6.4
304,Iqaluit,63.75,-68.52,15.8,78,75,5.82
305,Prince Albert,53.2,-105.75,30.2,92,75,2.24
306,Beloha,-25.17,45.06,71.89,56,20,16.8
307,Nizhniy Odes,63.64,54.86,26.58,82,80,4.72
308,Shumskiy,54.83,99.13,23.43,77,0,1.92
309,Rancho Palos Verdes,33.75,-118.37,58.73,100,90,3.36
310,Maniwaki,46.38,-75.98,35.08,91,92,3.6
311,Poltavka,54.36,71.76,34.45,87,88,15.79
312,Gornopravdinsk,60.06,69.92,34.99,80,88,7.74
313,Seoul,37.57,126.98,42.1,86,75,1.12
314,Sao Joao da Barra,-21.64,-41.05,78.8,54,75,16.11
315,San Vicente,13.64,-88.78,83.3,78,0,8.05
316,Hosakote,16.06,75.46,76.35,37,0,7.63
317,Roswell,33.39,-104.52,60.17,67,1,18.34
318,Palanga,44.45,25.08,72.25,43,0,7.18
319,Bayan,47.25,107.54,31.12,75,0,10.98
320,Walvis Bay,-22.95,14.51,68.38,87,0,5.28
321,Bom Jesus da Lapa,-13.25,-43.41,90.66,63,20,6.17
322,Narbonne,43.18,3.0,45.21,81,0,13.87
323,York,53.96,-1.08,45.12,75,36,12.75
324,Linxia,35.6,103.21,23.16,72,12,2.04
325,Palimbang,14.9,120.78,76.39,73,75,6.93
326,Oum Hadjer,13.3,19.7,99.97,18,8,10.42
327,Svetlogorsk,53.14,59.15,32.0,80,90,15.66
328,Hervey Bay,-25.3,152.85,73.24,100,8,11.43
329,San Policarpo,12.18,125.51,77.61,97,88,12.77
330,Najran,17.54,44.22,82.4,24,0,11.41
331,Poum,41.28,20.71,61.18,50,64,3.15
332,Vao,59.1,26.19,35.71,90,92,8.97
333,Alta Floresta,-9.87,-56.08,90.66,60,24,2.82
334,Gabu,34.78,103.0,18.34,75,0,1.48
335,West Wendover,40.74,-114.07,48.2,66,1,4.7
336,Uusikaupunki,60.8,21.41,30.2,74,0,3.36
337,Codrington,-28.95,153.24,61.63,90,92,3.38
338,Lazaro Cardenas,28.39,-105.62,53.6,76,5,4.7
339,Solginskiy,61.05,41.34,27.07,84,64,12.21
340,Harper,30.3,-99.24,71.6,60,1,9.17
341,Baykit,61.68,96.39,34.54,77,0,6.85
342,Kalininsk,51.5,44.48,50.65,95,88,14.23
343,Linares,-35.85,-71.6,63.61,71,76,3.15
344,Kijang,35.24,129.21,55.4,62,0,6.93
345,Tiarei,-17.53,-149.33,75.2,78,0,1.12
346,Goba,7.01,39.97,58.26,63,0,4.16
347,Mengcheng,33.26,116.57,51.64,45,0,10.65
348,Gold Coast,-28.0,153.41,64.4,93,90,8.05
349,Faanui,-16.48,-151.75,80.35,100,12,4.94
350,Nacala,-14.56,40.69,81.79,75,0,14.23
351,Kaeo,-35.1,173.78,56.28,95,68,12.66
352,Los Llanos de Aridane,28.66,-17.92,68.0,72,75,14.99
353,Pangnirtung,66.15,-65.72,18.43,93,0,15.79
354,Marsala,37.8,12.44,74.35,78,20,25.28
355,Caruray,10.31,119.01,83.1,100,12,3.6
356,Koboko,3.41,30.96,77.25,86,64,3.6
357,Slavyanka,42.86,131.39,43.54,100,0,18.48
358,Pisco,-13.71,-76.2,66.2,77,90,6.93
359,Rawson,-43.3,-65.11,78.15,41,20,17.81
360,Snasa,64.25,12.38,28.4,92,40,11.41
361,Cayenne,4.94,-52.33,89.6,55,75,11.41
362,Mayumba,-3.44,10.65,81.25,91,0,8.19
363,Kutum,14.2,24.66,86.7,14,0,12.44
364,Sisimiut,66.94,-53.67,27.52,100,92,2.15
365,Erenhot,43.65,111.97,25.86,80,36,2.93
366,Nago,45.88,10.89,54.5,93,75,5.82
367,Dingle,11.0,122.67,74.91,95,76,3.94
368,Thatta,31.7,74.64,69.8,77,0,5.61
369,Fairmont,40.64,-97.59,52.45,57,1,14.99
370,Geraldton,49.72,-86.95,33.8,100,90,2.24
371,Qaracala,39.81,48.95,61.99,90,44,9.42
372,Mahajanga,-15.72,46.32,80.6,78,20,11.41
373,La Rioja,-29.41,-66.86,73.2,68,32,4.27
374,Minab,27.15,57.07,82.4,83,20,4.7
375,Fare,-16.7,-151.02,79.5,100,80,3.15
376,Lagoa,37.14,-8.45,62.6,60,20,17.22
377,Dokka,60.83,10.07,28.38,84,0,2.37
378,Dafeng,33.2,120.46,48.13,69,0,5.95
379,Lompoc,34.64,-120.46,51.8,100,40,5.82
380,Pacasmayo,-7.4,-79.57,62.31,96,0,7.96
381,Nioro,13.79,-15.05,92.86,71,0,4.61
382,Mushie,-3.02,16.92,88.09,66,0,2.71
383,Novikovo,45.05,34.56,59.83,83,0,7.85
384,Khingansk,49.12,131.18,26.62,85,92,2.71
385,Kudahuvadhoo,2.67,72.89,76.75,100,76,9.98
386,Vila do Maio,15.13,-23.22,86.0,55,75,16.11
387,Corinto,-18.36,-44.46,81.7,87,32,4.5
388,La Roda,39.21,-2.16,48.2,49,20,13.87
389,Balabac,7.99,117.06,85.12,100,44,5.61
390,Muros,42.77,-9.06,44.6,81,40,8.05
391,Chiang Khong,20.27,100.41,73.4,94,20,3.36
392,Beaupre,47.04,-70.9,35.35,100,92,10.29
393,Bandarbeyla,9.49,50.81,77.47,100,0,6.73
394,Tura,25.52,90.21,70.86,92,92,3.49
395,Ormara,25.21,64.64,79.68,85,0,7.96
396,Suluq,31.67,20.25,77.0,31,0,28.86
397,Vostok,46.45,135.83,20.95,87,48,2.37
398,Port Lincoln,-34.72,135.86,55.2,100,0,9.42
399,Husavik,50.56,-96.99,34.41,100,64,9.19
400,Brae,60.4,-1.35,41.23,98,36,8.05
401,Zyryanskoye,56.83,86.62,47.41,53,64,13.44
402,Roxana,38.85,-90.08,60.03,51,5,18.34
403,Sao Gabriel da Cachoeira,-0.13,-67.09,82.4,78,75,5.82
404,Olga,34.11,-118.17,58.14,87,40,1.92
405,Clyde River,70.47,-68.59,5.0,77,1,3.36
406,Ancud,-41.87,-73.83,56.1,97,100,10.98
407,Moscow,55.75,37.62,41.0,86,75,8.95
408,Esperance,10.24,-61.45,93.2,49,40,9.17
409,Mujiayingzi,42.12,118.78,28.2,40,0,13.0
410,Songjianghe,42.18,127.48,23.47,73,48,4.5
411,Soe,57.91,26.05,33.8,80,76,2.24
412,Bara,10.41,10.6,99.3,27,32,10.65
413,Sile,35.56,-106.37,52.72,53,1,12.75
414,Mahibadhoo,3.78,72.97,77.88,100,92,13.11
415,Choix,26.71,-108.33,69.51,49,0,3.04
416,Kuybyshevskiy Zaton,55.16,49.17,37.4,100,90,13.42
417,Hambantota,6.12,81.12,75.58,100,92,11.65
418,Necochea,-38.55,-58.74,66.18,100,64,5.95
419,Kapuskasing,49.42,-82.43,26.6,79,90,4.7
420,Todos Santos,23.45,-110.23,70.38,64,5,2.26
421,Taksimo,56.36,114.84,9.97,73,24,2.26
422,Suzun,53.78,82.32,52.81,65,80,25.86
423,Wanning,48.64,13.53,46.4,87,75,4.7
424,Rome,41.89,12.48,68.45,83,75,14.99
425,Okhotsk,59.36,143.24,26.17,100,80,5.61
426,Camacha,33.08,-16.33,67.23,63,40,23.04
427,Benjamin Constant,-4.38,-70.03,87.8,79,40,3.36
428,Hobyo,5.35,48.53,80.62,85,12,4.38
429,Kirakira,-10.46,161.92,84.4,100,68,4.16
430,Bud,62.91,6.91,33.24,100,0,6.93
431,Ivanovka,42.89,75.08,31.03,95,92,1.92
432,Nador,35.17,-2.93,53.78,54,40,19.46
433,Korem,12.51,39.52,66.13,51,0,2.48
434,Westport,53.8,-9.52,44.6,70,75,2.24
435,Axim,4.87,-2.24,81.97,100,0,10.76
436,Bubaque,11.28,-15.83,91.4,66,40,4.7
437,Sola,58.89,5.65,38.98,44,0,4.7
438,Krasnovishersk,60.4,57.08,28.87,86,88,3.04
439,Hauterive,46.09,3.45,42.87,93,75,6.93
440,Sinjai,-5.12,120.25,72.75,100,8,1.92
441,Bilibino,68.06,166.44,2.91,81,88,2.37
442,Saint-Francois,46.42,3.91,44.6,70,90,12.75
443,Guerrero,-24.19,-65.45,75.2,64,75,4.7
444,Bemidji,47.48,-94.89,37.54,93,90,12.75
445,Cape Coast,5.11,-1.24,87.33,63,24,6.85
446,Norman Wells,65.28,-126.83,23.0,100,90,3.36
447,Iranshahr,27.21,60.69,86.0,25,20,6.93
448,Nara,34.68,135.8,62.6,59,20,18.34
449,Tilichiki,60.47,166.1,31.8,91,44,4.72
450,Alenquer,-1.95,-54.74,91.4,59,20,9.17
451,Kiruna,67.86,20.23,14.0,78,0,6.93
452,Odessa,31.85,-102.37,69.84,56,1,9.17
453,Anito,12.45,125.29,82.11,96,92,21.61
454,Udachnyy,66.42,112.4,35.08,83,88,8.41
455,Whithorn,18.26,-78.04,86.0,66,20,13.87
456,Furukawa,38.57,140.96,50.83,91,0,3.38
457,Sao Miguel do Araguaia,-13.28,-50.16,85.39,100,64,4.72
458,Kota,25.17,75.86,71.89,39,0,6.4
459,Jumla,29.28,82.18,24.06,92,0,1.7
460,Bathurst,-33.42,149.58,49.75,87,76,3.38
461,Xinxiang,35.3,113.88,55.83,31,0,9.19
462,Yenagoa,4.92,6.26,81.25,84,64,7.74
463,Alegrete,-29.79,-55.79,71.08,82,56,4.83
464,Richards Bay,-28.77,32.06,76.48,65,0,11.32
465,San Jose,15.79,120.99,67.57,78,12,2.37
466,Vastse-Kuuste,58.17,26.93,33.8,80,68,2.24
467,Warman,52.32,-106.58,28.4,86,40,5.82
468,Flin Flon,54.77,-101.88,32.0,100,90,5.82
469,Tigil,57.8,158.67,25.72,76,36,2.59
470,Barmer,25.74,71.4,80.62,26,24,8.19
471,Namwala,-15.75,26.45,88.27,22,0,15.23
472,Oyama,36.31,139.8,51.8,100,40,1.12
473,Mackay,53.65,-115.58,31.1,74,75,9.17
474,Noumea,-22.28,166.46,68.0,82,40,1.12
475,Esna,45.2,27.57,71.13,48,36,5.61
476,Poieni,46.75,27.08,66.2,52,0,8.05
477,Kabompo,-13.6,24.21,91.38,17,0,14.67
478,San Felipe,-32.75,-70.73,73.4,35,75,9.17
479,Savannah Bight,16.45,-85.85,81.93,100,0,5.61
480,Sorland,67.67,12.69,36.1,100,75,18.34
481,Beisfjord,68.38,17.6,30.2,74,75,5.82
482,Kondinskoye,59.65,67.41,35.58,67,64,7.07
483,Saint-Augustin,44.83,-0.61,41.0,93,92,17.22
484,Manama,25.33,56.02,84.27,62,0,2.24
485,Huai Yot,7.79,99.63,75.81,92,56,2.59
486,Berck,50.41,1.57,46.4,61,0,12.75
487,Durango,37.28,-107.88,41.9,52,1,6.93
488,Aksu,52.04,76.93,35.6,69,90,17.9
489,Kasongo-Lunda,-6.48,16.82,82.65,77,20,2.71
490,Keti Bandar,24.14,67.45,83.46,93,0,8.75
491,Hennenman,-27.97,27.03,89.31,18,0,4.94
492,Batagay,67.65,134.64,16.09,76,92,14.23
493,Bahar,34.91,48.44,48.2,76,40,9.17
494,Huilong,28.89,110.18,52.99,76,0,2.04
495,Kalabo,-15.0,22.67,93.31,15,0,13.67
496,Paita,-5.09,-81.11,77.0,61,0,13.87
497,Coolum Beach,-26.53,153.09,69.19,97,92,8.08
498,Labuhan,-2.54,115.51,71.4,98,24,1.14
499,Makakilo City,21.35,-158.09,75.16,83,90,11.41
500,Nandi,0.19,35.1,73.4,69,75,1.48
501,Arlit,18.74,7.39,101.01,18,48,5.73
502,Seydisehir,37.42,31.85,52.54,52,0,1.81
503,Henties Bay,-22.12,14.28,74.5,70,0,6.06
504,Yomou,7.57,-9.26,85.71,83,8,4.27
505,Fort Nelson,58.81,-122.69,21.2,92,75,2.24
506,Muroto,33.37,134.14,54.34,100,0,8.3
507,Clinton,30.87,-91.02,72.73,60,1,8.05
508,Boundiali,9.53,-6.48,83.86,89,56,2.59
509,Awjilah,29.14,21.3,86.38,21,0,14.23
510,Karpathos,35.51,27.21,69.8,68,40,11.41
511,Ljungby,56.83,13.94,33.8,86,20,10.29
512,Yulara,-25.24,130.99,69.8,77,75,2.24
513,Poronaysk,49.22,143.1,30.22,100,0,4.72
514,Karlskrona,56.16,15.59,35.6,80,40,13.87
515,Ouesso,1.61,16.05,78.64,84,88,3.38
516,Chaihe,44.77,129.68,16.72,81,8,3.15
517,Panguna,-6.32,155.48,74.28,89,44,1.59
518,Minas,-34.38,-55.24,69.8,64,40,8.05
519,Nurlat,54.43,50.8,40.35,94,88,13.67
520,Kloulklubed,7.04,134.26,77.0,94,90,6.93
521,Saint Anthony,43.97,-111.68,41.02,80,1,4.7
522,Mandi Bahauddin,32.58,73.49,69.73,80,0,3.04
523,Pundaguitan,6.37,126.17,83.77,100,20,4.72
524,Scottsboro,34.67,-86.03,63.1,100,1,4.05
525,Taltal,-25.41,-70.49,67.84,78,20,2.93
526,Pattoki,31.02,73.85,71.89,75,0,2.71
527,Raudeberg,61.99,5.14,30.74,59,0,6.93
528,Maxixe,-23.86,35.35,75.45,77,0,11.88
529,Elmvale,44.58,-79.86,33.03,100,90,4.7
530,Mayna,53.0,91.49,26.17,99,0,2.37
531,Mikuni,36.22,136.15,51.8,76,20,8.05
532,Bonavista,48.65,-53.11,38.86,100,92,10.42
533,Eyl,7.98,49.82,80.17,87,0,9.75
534,Ohaeawai,-35.35,173.88,56.28,95,68,12.66
535,Turukhansk,65.8,87.96,22.71,89,76,3.27
536,Pithora,21.25,82.52,69.55,61,0,5.61
537,Moerai,-22.43,-151.33,71.89,100,92,23.85
538,Kasempa,-13.46,25.83,85.12,23,0,8.41
539,Wabana,47.63,-52.95,41.9,87,90,4.7
540,Luau,-10.7,22.23,93.18,18,0,5.28
541,Acapulco,16.86,-99.88,80.6,74,20,5.82
542,Christchurch,-43.53,172.64,51.8,93,100,3.36
543,Sinaloa,32.55,-115.28,71.06,24,1,2.59
544,Buta,2.79,24.73,84.85,71,8,2.04
545,Naspur,18.83,79.45,76.71,47,0,8.41
546,Duluth,46.77,-92.13,44.89,87,90,9.17
547,Port Moresby,-9.47,147.16,77.0,83,90,3.36
548,Umm Bab,25.21,50.81,83.41,54,20,11.65
549,Balkhash,46.84,74.98,44.4,88,44,22.17
550,Nouadhibou,20.93,-17.03,77.0,61,0,17.22
551,Bhimunipatnam,17.88,83.43,76.93,89,80,12.21
